<?xml version="1.0" encoding="UTF-8" standalone="no"?>
<Environment>
    <Rocks>
        <Rock>
            <PositionX>240</PositionX>
            <PositionY>400</PositionY>
        </Rock>
        <Rock>
            <PositionX>240</PositionX>
            <PositionY>430</PositionY>
        </Rock>
        <Rock>
            <PositionX>240</PositionX>
            <PositionY>450</PositionY>
        </Rock>
        <Rock>
            <PositionX>240</PositionX>
            <PositionY>470</PositionY>
        </Rock>
        <Rock>
            <PositionX>240</PositionX>
            <PositionY>500</PositionY>
        </Rock>
        <Rock>
            <PositionX>240</PositionX>
            <PositionY>530</PositionY>
        </Rock>
        <Rock>
            <PositionX>240</PositionX>
            <PositionY>560</PositionY>
        </Rock>
        <Rock>
            <PositionX>220</PositionX>
            <PositionY>400</PositionY>
        </Rock>
        <Rock>
            <PositionX>200</PositionX>
            <PositionY>400</PositionY>
        </Rock>
        <Rock>
            <PositionX>180</PositionX>
            <PositionY>400</PositionY>
        </Rock>
        <Rock>
            <PositionX>160</PositionX>
            <PositionY>400</PositionY>
        </Rock>
        <Rock>
            <PositionX>140</PositionX>
            <PositionY>400</PositionY>
        </Rock>
        <Rock>
            <PositionX>120</PositionX>
            <PositionY>400</PositionY>
        </Rock>
        <Rock>
            <PositionX>100</PositionX>
            <PositionY>400</PositionY>
        </Rock>
        <Rock>
            <PositionX>80</PositionX>
            <PositionY>400</PositionY>
        </Rock>
        <Rock>
            <PositionX>60</PositionX>
            <PositionY>400</PositionY>
        </Rock>
        <Rock>
            <PositionX>700</PositionX>
            <PositionY>320</PositionY>
        </Rock>
        <Rock>
            <PositionX>700</PositionX>
            <PositionY>340</PositionY>
        </Rock>
        <Rock>
            <PositionX>700</PositionX>
            <PositionY>360</PositionY>
        </Rock>
        <Rock>
            <PositionX>700</PositionX>
            <PositionY>380</PositionY>
        </Rock>
        <Rock>
            <PositionX>700</PositionX>
            <PositionY>400</PositionY>
        </Rock>
        <Rock>
            <PositionX>700</PositionX>
            <PositionY>420</PositionY>
        </Rock>
        <Rock>
            <PositionX>700</PositionX>
            <PositionY>440</PositionY>
        </Rock>
        <Rock>
            <PositionX>700</PositionX>
            <PositionY>460</PositionY>
        </Rock>
        <Rock>
            <PositionX>660</PositionX>
            <PositionY>320</PositionY>
        </Rock>
        <Rock>
            <PositionX>640</PositionX>
            <PositionY>320</PositionY>
        </Rock>
        <Rock>
            <PositionX>620</PositionX>
            <PositionY>320</PositionY>
        </Rock>
        <Rock>
            <PositionX>600</PositionX>
            <PositionY>320</PositionY>
        </Rock>
        <Rock>
            <PositionX>580</PositionX>
            <PositionY>320</PositionY>
        </Rock>
        <Rock>
            <PositionX>560</PositionX>
            <PositionY>320</PositionY>
        </Rock>
        <Rock>
            <PositionX>540</PositionX>
            <PositionY>320</PositionY>
        </Rock>
        <Rock>
            <PositionX>520</PositionX>
            <PositionY>320</PositionY>
        </Rock>
        <Rock>
            <PositionX>500</PositionX>
            <PositionY>320</PositionY>
        </Rock>
        <Rock>
            <PositionX>480</PositionX>
            <PositionY>320</PositionY>
        </Rock>
        <Rock>
            <PositionX>460</PositionX>
            <PositionY>340</PositionY>
        </Rock>
        <Rock>
            <PositionX>460</PositionX>
            <PositionY>360</PositionY>
        </Rock>
        <Rock>
            <PositionX>460</PositionX>
            <PositionY>380</PositionY>
        </Rock>
        <Rock>
            <PositionX>460</PositionX>
            <PositionY>400</PositionY>
        </Rock>
        <Rock>
            <PositionX>460</PositionX>
            <PositionY>420</PositionY>
        </Rock>
        <Rock>
            <PositionX>460</PositionX>
            <PositionY>440</PositionY>
        </Rock>
        <Rock>
            <PositionX>460</PositionX>
            <PositionY>460</PositionY>
        </Rock>
        <Rock>
            <PositionX>900</PositionX>
            <PositionY>170</PositionY>
        </Rock>
        <Rock>
            <PositionX>900</PositionX>
            <PositionY>190</PositionY>
        </Rock>
        <Rock>
            <PositionX>900</PositionX>
            <PositionY>210</PositionY>
        </Rock>
        <Rock>
            <PositionX>900</PositionX>
            <PositionY>230</PositionY>
        </Rock>
        <Rock>
            <PositionX>900</PositionX>
            <PositionY>250</PositionY>
        </Rock>
        <Rock>
            <PositionX>1000</PositionX>
            <PositionY>250</PositionY>
        </Rock>
        <Rock>
            <PositionX>980</PositionX>
            <PositionY>250</PositionY>
        </Rock>
        <Rock>
            <PositionX>960</PositionX>
            <PositionY>250</PositionY>
        </Rock>
        <Rock>
            <PositionX>940</PositionX>
            <PositionY>250</PositionY>
        </Rock>
        <Rock>
            <PositionX>920</PositionX>
            <PositionY>250</PositionY>
        </Rock>
        <Rock>
            <PositionX>940</PositionX>
            <PositionY>400</PositionY>
        </Rock>
        <Rock>
            <PositionX>700</PositionX>
            <PositionY>580</PositionY>
        </Rock>
        <Rock>
            <PositionX>1200</PositionX>
            <PositionY>600</PositionY>
        </Rock>
        <Rock>
            <PositionX>1400</PositionX>
            <PositionY>200</PositionY>
        </Rock>
        <Rock>
            <PositionX>500</PositionX>
            <PositionY>40</PositionY>
        </Rock>
        <Rock>
            <PositionX>1000</PositionX>
            <PositionY>500</PositionY>
        </Rock>
        <Rock>
            <PositionX>300</PositionX>
            <PositionY>500</PositionY>
        </Rock>
        <Rock>
            <PositionX>151</PositionX>
            <PositionY>151</PositionY>
        </Rock>
        <Rock>
            <PositionX>900</PositionX>
            <PositionY>800</PositionY>
        </Rock>
        <Rock>
            <PositionX>1200</PositionX>
            <PositionY>100</PositionY>
        </Rock>
        <Rock>
            <PositionX>800</PositionX>
            <PositionY>100</PositionY>
        </Rock>
        <Rock>
            <PositionX>500</PositionX>
            <PositionY>100</PositionY>
        </Rock>
        <Rock>
            <PositionX>300</PositionX>
            <PositionY>200</PositionY>
        </Rock>
        <Rock>
            <PositionX>500</PositionX>
            <PositionY>600</PositionY>
        </Rock>
    </Rocks>
</Environment>
