<?xml version="1.0" encoding="UTF-8" standalone="no"?>
<Savegame>
    <Game>
        <Difficulty>HARD</Difficulty>
        <ScorePoints>0</ScorePoints>
        <RoundNumber>1</RoundNumber>
    </Game>
    <Player>
        <HealthPoints>100</HealthPoints>
        <ArmorPoints>0</ArmorPoints>
        <PositionX>388</PositionX>
        <PositionY>264</PositionY>
        <VelocityX>0.0</VelocityX>
        <VelocityY>0.0</VelocityY>
        <MovementSpeed>2.5</MovementSpeed>
        <Direction>WEST</Direction>
        <Rotation>180.0</Rotation>
        <EquippedWep>KNIFE</EquippedWep>
        <MagPistol>15</MagPistol>
        <PoolPistol>15</PoolPistol>
        <MagRifle>0</MagRifle>
        <PoolRifle>0</PoolRifle>
        <MagShotgun>0</MagShotgun>
        <PoolShotgun>0</PoolShotgun>
    </Player>
    <Zombies>
        <Zombie>
            <HealthPoints>150</HealthPoints>
            <PositionX>151</PositionX>
            <PositionY>155</PositionY>
            <VelocityX>1.0</VelocityX>
            <VelocityY>1.0</VelocityY>
            <MovementSpeed>1.0</MovementSpeed>
            <Direction>SOUTHEAST</Direction>
        </Zombie>
        <Zombie>
            <HealthPoints>150</HealthPoints>
            <PositionX>577</PositionX>
            <PositionY>322</PositionY>
            <VelocityX>-1.0</VelocityX>
            <VelocityY>0.0</VelocityY>
            <MovementSpeed>1.0</MovementSpeed>
            <Direction>WEST</Direction>
        </Zombie>
    </Zombies>
    <Bullets/>
    <Drops>
        <Drop>
            <PositionX>346</PositionX>
            <PositionY>347</PositionY>
            <DropType>SCORE</DropType>
        </Drop>
        <Drop>
            <PositionX>391</PositionX>
            <PositionY>26</PositionY>
            <DropType>SCORE</DropType>
        </Drop>
        <Drop>
            <PositionX>806</PositionX>
            <PositionY>603</PositionY>
            <DropType>SCORE</DropType>
        </Drop>
        <Drop>
            <PositionX>1044</PositionX>
            <PositionY>608</PositionY>
            <DropType>SCORE</DropType>
        </Drop>
        <Drop>
            <PositionX>970</PositionX>
            <PositionY>43</PositionY>
            <DropType>SCORE</DropType>
        </Drop>
        <Drop>
            <PositionX>625</PositionX>
            <PositionY>378</PositionY>
            <DropType>SCORE</DropType>
        </Drop>
        <Drop>
            <PositionX>595</PositionX>
            <PositionY>228</PositionY>
            <DropType>SCORE</DropType>
        </Drop>
        <Drop>
            <PositionX>634</PositionX>
            <PositionY>78</PositionY>
            <DropType>SCORE</DropType>
        </Drop>
        <Drop>
            <PositionX>393</PositionX>
            <PositionY>440</PositionY>
            <DropType>SCORE</DropType>
        </Drop>
        <Drop>
            <PositionX>939</PositionX>
            <PositionY>414</PositionY>
            <DropType>SCORE</DropType>
        </Drop>
    </Drops>
</Savegame>
